torch.Tensor.abs,33.71838522,
torch.Tensor.abs_,10.67459035,
torch.Tensor.absolute,94.06881046,
torch.Tensor.absolute_,10.15178251,
torch.Tensor.acos,229.5333273,
torch.Tensor.acos_,79.03811789,
torch.Tensor.acosh,19.64694452,
torch.Tensor.acosh_,73.29913163,
torch.Tensor.add,87.30818105,
torch.Tensor.add_,75.79889297,
torch.Tensor.addbmm,88.05428624,
torch.Tensor.addbmm_,62.96516275,
torch.Tensor.addcdiv,80.35498285,
torch.Tensor.addcdiv_,71.79548979,
torch.Tensor.addcmul,85.44902444,
torch.Tensor.addcmul_,10.06809759,
torch.Tensor.addmm,67.34651446,
torch.Tensor.addmm_,73.05887771,
torch.Tensor.addmv,70.3392632,
torch.Tensor.addmv_,61.63481879,
torch.Tensor.addr,68.67599106,
torch.Tensor.addr_,70.91145277,
torch.Tensor.all,188.1763222,
torch.Tensor.allclose,69.86654353,
torch.Tensor.amax,73.9942975,
torch.Tensor.amin,73.77702999,
torch.Tensor.aminmax,61.91804314,
torch.Tensor.angle,30.27605152,
torch.Tensor.any,65.10217714,
torch.Tensor.arccos,19.15743303,
torch.Tensor.arccos_,193.9628696,
torch.Tensor.arccosh,74.86671066,
torch.Tensor.arcsin,84.00113463,
torch.Tensor.arcsin_,68.91642046,
torch.Tensor.arcsinh,71.50203681,
torch.Tensor.arcsinh_,64.26803827,
torch.Tensor.arctan,70.4333353,
torch.Tensor.arctan_,73.83663845,
torch.Tensor.arctanh,91.8532691,
torch.Tensor.arctanh_,13.06167173,
torch.Tensor.argmax,129.329489,
torch.Tensor.argmin,85.41064715,
torch.Tensor.argsort,87.94044042,
torch.Tensor.as_strided,86.066643,
torch.Tensor.asin,71.0068357,
torch.Tensor.asin_,96.35168433,
torch.Tensor.asinh,25.66537499,
torch.Tensor.asinh_,75.94789767,
torch.Tensor.atan,25.65516925,
torch.Tensor.atan2,318.6735075,
torch.Tensor.atan2_,74.51449847,
torch.Tensor.atan_,70.08444834,
torch.Tensor.atanh,74.91338634,
torch.Tensor.atanh_,18.1005466,
torch.Tensor.baddbmm,78.70850587,
torch.Tensor.baddbmm_,102.9042201,
torch.Tensor.bernoulli,576.4151645,
torch.Tensor.bernoulli_,106.7565668,
torch.Tensor.bfloat16,78.00275636,
torch.Tensor.bincount,83.30044842,
torch.Tensor.bitwise_and,96.90920353,
torch.Tensor.bitwise_and_,116.8414044,
torch.Tensor.bitwise_left_shift,65.77176881,
torch.Tensor.bitwise_left_shift_,71.8907218,
torch.Tensor.bitwise_not,118.8768144,
torch.Tensor.bitwise_not_,276.1537585,
torch.Tensor.bitwise_or,95.47341657,
torch.Tensor.bitwise_or_,72.81740212,
torch.Tensor.bitwise_right_shift,63.98310804,
torch.Tensor.bitwise_right_shift_,10.04111481,
torch.Tensor.bitwise_xor,62.39181232,
torch.Tensor.bitwise_xor_,70.82983804,
torch.Tensor.bmm,86.03151393,
torch.Tensor.bool,67.35295749,
torch.Tensor.broadcast_to,195.1816406,
torch.Tensor.byte,80.31421351,
torch.Tensor.cauchy_,71.83201098,
torch.Tensor.ceil,78.45646358,
torch.Tensor.ceil_,68.3489387,
torch.Tensor.char,19.80686021,
torch.Tensor.cholesky,69.3029294,
torch.Tensor.cholesky_inverse,83.5854075,
torch.Tensor.cholesky_solve,144.9338148,
torch.Tensor.chunk,80.47385359,
torch.Tensor.clamp,83.29790497,
torch.Tensor.clamp_,62.00912476,
torch.Tensor.clip,74.62576175,
torch.Tensor.clip_,64.34084916,
torch.Tensor.clone,93.50840211,
torch.Tensor.conj,181.5277257,
torch.Tensor.conj_physical,87.62190199,
torch.Tensor.conj_physical_,69.91721392,
torch.Tensor.contiguous,115.3263209,
torch.Tensor.copysign,83.47858429,
torch.Tensor.copysign_,64.75941849,
torch.Tensor.corrcoef,87.74021435,
torch.Tensor.cos,73.3776989,
torch.Tensor.cos_,366.5796554,
torch.Tensor.cosh,91.33995843,
torch.Tensor.cosh_,68.30383372,
torch.Tensor.count_nonzero,82.31312537,
torch.Tensor.cov,193.9004481,
torch.Tensor.cpu,107.4653516,
torch.Tensor.cross,22.66663146,
torch.Tensor.cummax,77.96916771,
torch.Tensor.cummin,82.66379905,
torch.Tensor.cumprod,73.97741294,
torch.Tensor.cumprod_,61.30851769,
torch.Tensor.cumsum,77.94364977,
torch.Tensor.cumsum_,9.518559694,
torch.Tensor.data_ptr,68.37396336,
torch.Tensor.deg2rad,140.3964148,
torch.Tensor.det,74.91558194,
torch.Tensor.detach,79.44417095,
torch.Tensor.detach_,79.85282207,
torch.Tensor.diag,132.0424616,
torch.Tensor.diag_embed,86.31891251,
torch.Tensor.diagflat,389.0457809,
torch.Tensor.diagonal,92.396065,
torch.Tensor.diff,87.37680054,
torch.Tensor.digamma,81.00205684,
torch.Tensor.digamma_,249.8456075,
torch.Tensor.dim,231.4078166,
torch.Tensor.dist,84.87678742,
torch.Tensor.div,82.92027712,
torch.Tensor.div_,65.77385879,
torch.Tensor.divide,78.91745567,
torch.Tensor.divide_,77.35088086,
torch.Tensor.dot,79.32019544,
torch.Tensor.double,328.2543659,
torch.Tensor.dsplit,293.7328939,
torch.Tensor.eig,247.0866692,
torch.Tensor.element_size,62.39268756,
torch.Tensor.eq,98.80485463,
torch.Tensor.eq_,72.94125509,
torch.Tensor.equal,82.23500276,
torch.Tensor.erf,25.11386681,
torch.Tensor.erf_,71.26417613,
torch.Tensor.erfc,73.80722117,
torch.Tensor.erfc_,77.44546652,
torch.Tensor.erfinv,69.2779088,
torch.Tensor.erfinv_,68.77059054,
torch.Tensor.exp,73.26253748,
torch.Tensor.exp_,226.2822044,
torch.Tensor.expand_as,88.82307696,
torch.Tensor.expm1,85.02069521,
torch.Tensor.expm1_,75.46107936,
torch.Tensor.exponential_,75.82117319,
torch.Tensor.fill_,63.48308969,
torch.Tensor.fill_diagonal_,61.44673824,
torch.Tensor.fix,90.80066085,
torch.Tensor.fix_,65.41288066,
torch.Tensor.flatten,68.28706241,
torch.Tensor.flip,66.82315016,
torch.Tensor.fliplr,66.9244926,
torch.Tensor.flipud,73.31162572,
torch.Tensor.float,76.26259804,
torch.Tensor.float_power,84.33572245,
torch.Tensor.float_power_,93.2966826,
torch.Tensor.floor,90.31241035,
torch.Tensor.floor_,66.82632113,
torch.Tensor.floor_divide,88.81561708,
torch.Tensor.floor_divide_,67.36286306,
torch.Tensor.fmax,84.41673088,
torch.Tensor.fmin,74.96323991,
torch.Tensor.fmod,85.81247687,
torch.Tensor.fmod_,69.8754344,
torch.Tensor.frac,89.60660148,
torch.Tensor.frac_,71.79137802,
torch.Tensor.gather,10.05593848,
torch.Tensor.gcd,60.97020054,
torch.Tensor.gcd_,57.75903988,
torch.Tensor.ge,56.39229369,
torch.Tensor.ge_,71.4897387,
torch.Tensor.ger,800.3159263,
torch.Tensor.get_device,79.3322947,
torch.Tensor.greater,66.79524827,
torch.Tensor.greater_,10.01534986,
torch.Tensor.greater_equal,69.40894818,
torch.Tensor.greater_equal_,59.35434389,
torch.Tensor.gt,57.77319312,
torch.Tensor.gt_,59.34392691,
torch.Tensor.half,77.99456716,
torch.Tensor.hardshrink,79.25120068,
torch.Tensor.heaviside,64.94582772,
torch.Tensor.histc,74.95323372,
torch.Tensor.hsplit,81.40147924,
torch.Tensor.hypot,76.96508813,
torch.Tensor.hypot_,70.28232622,
torch.Tensor.i0,74.9759388,
torch.Tensor.i0_,65.86240435,
torch.Tensor.igamma,69.42283249,
torch.Tensor.igamma_,63.88700962,
torch.Tensor.igammac,76.12081695,
torch.Tensor.igammac_,69.24470806,
torch.Tensor.index_add,51.36771822,
torch.Tensor.index_add_,66.42426157,
torch.Tensor.index_copy,56.9819386,
torch.Tensor.index_copy_,70.98167634,
torch.Tensor.index_fill,84.81301332,
torch.Tensor.index_fill_,66.34789348,
torch.Tensor.index_select,95.41077685,
torch.Tensor.inner,25.06574941,
torch.Tensor.int,83.48434448,
torch.Tensor.inverse,25.05753779,
torch.Tensor.is_complex,98.34975219,
torch.Tensor.is_conj,83.01289773,
torch.Tensor.is_contiguous,66.24492669,
torch.Tensor.is_floating_point,83.74918818,
torch.Tensor.is_inference,85.79464221,
torch.Tensor.is_pinned,60.76885438,
torch.Tensor.is_set_to,55.72667241,
torch.Tensor.is_shared,57.82780933,
torch.Tensor.is_signed,61.94262862,
torch.Tensor.isclose,76.23739552,
torch.Tensor.isfinite,57.33276558,
torch.Tensor.isinf,51.83605695,
torch.Tensor.isnan,56.24578428,
torch.Tensor.isneginf,67.96430111,
torch.Tensor.isposinf,62.27539587,
torch.Tensor.isreal,50.76333284,
torch.Tensor.kthvalue,73.27168226,
torch.Tensor.lcm,10.06173229,
torch.Tensor.lcm_,57.23462415,
torch.Tensor.ldexp,81.38729167,
torch.Tensor.ldexp_,70.80443788,
torch.Tensor.le,53.24483275,
torch.Tensor.le_,50.75445127,
torch.Tensor.lerp,86.40394688,
torch.Tensor.lerp_,66.31805539,
torch.Tensor.less,67.24915552,
torch.Tensor.less_,57.90398812,
torch.Tensor.less_equal,59.92269778,
torch.Tensor.less_equal_,58.28107929,
torch.Tensor.lgamma,76.76500821,
torch.Tensor.lgamma_,10.00616169,
torch.Tensor.log,85.43538642,
torch.Tensor.log10,67.75872803,
torch.Tensor.log10_,60.27618289,
torch.Tensor.log1p,64.22554636,
torch.Tensor.log1p_,66.9483397,
torch.Tensor.log2,90.39118719,
torch.Tensor.log2_,64.58848882,
torch.Tensor.log_,65.73531389,
torch.Tensor.logaddexp,69.29999876,
torch.Tensor.logaddexp2,68.29026175,
torch.Tensor.logcumsumexp,76.30922961,
torch.Tensor.logdet,75.30558825,
torch.Tensor.logical_and,58.34203458,
torch.Tensor.logical_and_,61.61304426,
torch.Tensor.logical_not,58.93619514,
torch.Tensor.logical_not_,95.80371237,
torch.Tensor.logical_or,62.26956511,
torch.Tensor.logical_or_,61.04693341,
torch.Tensor.logical_xor,71.60549474,
torch.Tensor.logical_xor_,60.85029006,
torch.Tensor.logit,58.34472919,
torch.Tensor.logit_,67.32080364,
torch.Tensor.logsumexp,57.45437217,
torch.Tensor.long,54.88417721,
torch.Tensor.lstsq,73.41925454,
torch.Tensor.lt,58.40524292,
torch.Tensor.lt_,82.5692575,
torch.Tensor.lu,85.96453071,
torch.Tensor.masked_select,60.30285001,
torch.Tensor.matmul,68.07338166,
torch.Tensor.matrix_exp,111.6099017,
torch.Tensor.matrix_power,73.76645446,
torch.Tensor.max,58.04514432,
torch.Tensor.maximum,60.82660007,
torch.Tensor.mean,81.04081821,
torch.Tensor.median,74.53559589,
torch.Tensor.min,69.02487755,
torch.Tensor.minimum,75.47513437,
torch.Tensor.mm,76.43566632,
torch.Tensor.mode,70.81870317,
torch.Tensor.moveaxis,60.49433517,
torch.Tensor.movedim,59.57724333,
torch.Tensor.msort,72.82068133,
torch.Tensor.mul,23.58457351,
torch.Tensor.mul_,70.89146757,
torch.Tensor.multinomial,71.46811485,
torch.Tensor.multiply,75.8921535,
torch.Tensor.multiply_,63.46343207,
torch.Tensor.mv,69.79842734,
torch.Tensor.mvlgamma,55.77452803,
torch.Tensor.mvlgamma_,57.73917007,
torch.Tensor.nan_to_num,70.46482968,
torch.Tensor.nan_to_num_,63.59749293,
torch.Tensor.nanmean,71.82518864,
torch.Tensor.nanmedian,65.45247245,
torch.Tensor.nanquantile,71.88533401,
torch.Tensor.nansum,61.92777514,
torch.Tensor.narrow,73.00719309,
torch.Tensor.narrow_copy,65.93002009,
torch.Tensor.ndimension,10.10443377,
torch.Tensor.ne,58.43550301,
torch.Tensor.ne_,65.8835218,
torch.Tensor.neg,73.32647872,
torch.Tensor.neg_,59.71857858,
torch.Tensor.negative,86.81015491,
torch.Tensor.negative_,61.8502636,
torch.Tensor.nelement,55.30654907,
torch.Tensor.new_empty,69.80755353,
torch.Tensor.new_ones,65.46274519,
torch.Tensor.new_tensor,67.58963251,
torch.Tensor.new_zeros,57.66674304,
torch.Tensor.nextafter,53.77760935,
torch.Tensor.nextafter_,62.39415765,
torch.Tensor.nonzero,79.33501887,
torch.Tensor.norm,63.33498263,
torch.Tensor.normal_,65.7831471,
torch.Tensor.not_equal,67.90769815,
torch.Tensor.not_equal_,62.88520408,
torch.Tensor.numel,50.14860058,
torch.Tensor.numpy,68.40759802,
torch.Tensor.outer,800.3281155,
torch.Tensor.pinverse,86.36691284,
torch.Tensor.polygamma,71.97957087,
torch.Tensor.polygamma_,51.77601147,
torch.Tensor.positive,67.49786019,
torch.Tensor.pow,63.35192227,
torch.Tensor.pow_,65.81406116,
torch.Tensor.prod,74.79688573,
torch.Tensor.qr,76.33939815,
torch.Tensor.quantile,64.37361765,
torch.Tensor.rad2deg,81.34710693,
torch.Tensor.random_,66.44921064,
torch.Tensor.ravel,72.31497741,
torch.Tensor.reciprocal,69.95184875,
torch.Tensor.reciprocal_,10.11110926,
torch.Tensor.remainder,64.47597861,
torch.Tensor.remainder_,58.35727191,
torch.Tensor.renorm,60.93546367,
torch.Tensor.renorm_,65.39937758,
torch.Tensor.repeat,96.29791427,
torch.Tensor.repeat_interleave,53.7428298,
torch.Tensor.reshape,71.50887156,
torch.Tensor.reshape_as,79.00747418,
torch.Tensor.resize_as_,68.40788698,
torch.Tensor.resolve_conj,80.33669972,
torch.Tensor.resolve_neg,74.56063843,
torch.Tensor.roll,69.83337617,
torch.Tensor.rot90,63.80838895,
torch.Tensor.round,66.37180662,
torch.Tensor.round_,66.48555517,
torch.Tensor.rsqrt,66.8938992,
torch.Tensor.rsqrt_,71.49526024,
torch.Tensor.scatter,56.54197121,
torch.Tensor.scatter_,57.80980825,
torch.Tensor.scatter_add,58.83712578,
torch.Tensor.scatter_add_,73.00464845,
torch.Tensor.select,84.03860712,
torch.Tensor.set_,54.89485359,
torch.Tensor.sgn,66.7667985,
torch.Tensor.sgn_,51.78084826,
torch.Tensor.share_memory_,86.3517549,
torch.Tensor.short,26.23765707,
torch.Tensor.sigmoid,76.47062206,
torch.Tensor.sigmoid_,53.94399166,
torch.Tensor.sign,80.4790132,
torch.Tensor.sign_,55.3286829,
torch.Tensor.signbit,49.32730603,
torch.Tensor.sin,78.85847259,
torch.Tensor.sin_,48.79726052,
torch.Tensor.sinc,91.78557134,
torch.Tensor.sinc_,56.81430125,
torch.Tensor.sinh,74.88567615,
torch.Tensor.sinh_,56.87593913,
torch.Tensor.size,71.46450496,
torch.Tensor.slogdet,69.48288655,
torch.Tensor.smm,62.89265394,
torch.Tensor.solve,70.36042547,
torch.Tensor.sort,73.03364563,
torch.Tensor.split,66.83452702,
torch.Tensor.sqrt,64.06409693,
torch.Tensor.sqrt_,62.41994405,
torch.Tensor.square,65.07153153,
torch.Tensor.square_,55.76761341,
torch.Tensor.squeeze,22.60086775,
torch.Tensor.squeeze_,53.40032935,
torch.Tensor.sspaddmm,60.94085956,
torch.Tensor.std,77.29276276,
torch.Tensor.storage,63.53556323,
torch.Tensor.storage_offset,52.38864565,
torch.Tensor.storage_type,59.43640423,
torch.Tensor.stride,51.26103806,
torch.Tensor.sub,63.47885108,
torch.Tensor.sub_,58.90057945,
torch.Tensor.subtract,70.45904469,
torch.Tensor.subtract_,59.6139257,
torch.Tensor.sum,65.81850028,
torch.Tensor.sum_to_size,69.31821966,
torch.Tensor.svd,85.30254984,
torch.Tensor.swapaxes,68.3869102,
torch.Tensor.swapdims,71.84752011,
torch.Tensor.symeig,59.30976558,
torch.Tensor.t,73.27025509,
torch.Tensor.t_,69.08340764,
torch.Tensor.take,16.11602044,
torch.Tensor.tan,78.90355444,
torch.Tensor.tan_,58.87046242,
torch.Tensor.tanh,83.37317061,
torch.Tensor.tanh_,51.98207831,
torch.Tensor.tensor_split,165.8977537,
torch.Tensor.tile,74.5937376,
torch.Tensor.to,70.82651806,
torch.Tensor.to_sparse,64.56773257,
torch.Tensor.tolist,61.50977468,
torch.Tensor.topk,72.98633647,
torch.Tensor.trace,67.91125131,
torch.Tensor.transpose,54.27160144,
torch.Tensor.transpose_,59.07486105,
torch.Tensor.triangular_solve,59.9467895,
torch.Tensor.tril,80.08962607,
torch.Tensor.tril_,71.40099144,
torch.Tensor.triu,82.0305655,
torch.Tensor.triu_,68.80123568,
torch.Tensor.true_divide,71.3827033,
torch.Tensor.true_divide_,66.92220283,
torch.Tensor.trunc,75.89752698,
torch.Tensor.trunc_,56.8726449,
torch.Tensor.type_as,87.54239082,
torch.Tensor.unbind,49.66633582,
torch.Tensor.unfold,56.7891469,
torch.Tensor.uniform_,61.61486697,
torch.Tensor.unique,51.30671525,
torch.Tensor.unique_consecutive,50.5290761,
torch.Tensor.unsqueeze,67.28659487,
torch.Tensor.unsqueeze_,56.28911448,
torch.Tensor.var,60.3875978,
torch.Tensor.vdot,74.97239399,
torch.Tensor.view,60.87934113,
torch.Tensor.view_as,74.80081773,
torch.Tensor.vsplit,65.45984006,
torch.Tensor.where,67.89435506,
torch.Tensor.xlogy,61.49681163,
torch.Tensor.xlogy_,45.20932913,
torch.Tensor.zero_,52.30350232,
torch.abs,76.43652773,
torch.absolute,66.78455853,
torch.acos,61.8975811,
torch.acosh,79.81133628,
torch.add,65.90301919,
torch.addbmm,56.97445273,
torch.addcdiv,62.77491713,
torch.addcmul,64.89084196,
torch.addmm,65.47811103,
torch.addmv,62.91631436,
torch.addr,67.40455937,
torch.all,62.05272818,
torch.allclose,58.89096999,
torch.amax,60.10037422,
torch.amin,52.58835745,
torch.aminmax,56.31339765,
torch.angle,78.37729239,
torch.any,55.82210898,
torch.arange,51.83041716,
torch.arccos,17.61507106,
torch.arccosh,54.09844732,
torch.arcsin,60.41436958,
torch.arcsinh,57.90356064,
torch.arctan,52.42320204,
torch.arctanh,72.32008719,
torch.are_deterministic_algorithms_enabled,53.36830902,
torch.argmax,69.33500457,
torch.argmin,60.34061694,
torch.argsort,71.40962625,
torch.as_strided,82.92171478,
torch.as_tensor,63.24373698,
torch.asin,17.51519513,
torch.asinh,80.43411422,
torch.atan,65.55326414,
torch.atan2,62.8748467,
torch.atanh,64.94885993,
torch.atleast_1d,59.42904806,
torch.atleast_2d,57.26004934,
torch.atleast_3d,62.34268427,
torch.baddbmm,57.78357887,
torch.bernoulli,54.37813258,
torch.bincount,52.92851329,
torch.bitwise_and,61.36203146,
torch.bitwise_left_shift,59.43660045,
torch.bitwise_not,57.88693643,
torch.bitwise_or,52.81281924,
torch.bitwise_right_shift,60.39759254,
torch.bitwise_xor,54.30187678,
torch.block_diag,58.40635419,
torch.bmm,77.04485202,
torch.broadcast_shapes,58.05697918,
torch.broadcast_tensors,61.86457109,
torch.broadcast_to,77.26751995,
torch.bucketize,51.41609812,
torch.can_cast,45.48187995,
torch.cartesian_prod,54.40418386,
torch.cat,56.76805329,
torch.cdist,71.89526582,
torch.ceil,72.18190193,
torch.chain_matmul,68.35977483,
torch.cholesky,87.09818053,
torch.cholesky_inverse,61.535707,
torch.cholesky_solve,65.91273642,
torch.chunk,75.30771279,
torch.clamp,70.86673117,
torch.clip,74.40838528,
torch.clone,80.0781126,
torch.column_stack,56.4045167,
torch.combinations,51.30142689,
torch.complex,63.27135777,
torch.conj,73.77621889,
torch.conj_physical,87.42028618,
torch.copysign,81.47542357,
torch.corrcoef,71.81505251,
torch.cos,78.56285477,
torch.cosh,83.36312914,
torch.count_nonzero,68.25049567,
torch.cov,74.92110395,
torch.cross,70.02489662,
torch.cummax,76.99621248,
torch.cummin,71.27560663,
torch.cumprod,60.34176469,
torch.cumsum,56.27859044,
torch.deg2rad,73.73740935,
torch.det,69.82346344,
torch.diag,78.30442834,
torch.diag_embed,78.39955235,
torch.diagflat,75.44018102,
torch.diagonal,69.34772825,
torch.diff,27.62989426,
torch.digamma,70.45071816,
torch.dist,56.5199945,
torch.distributions.transforms.AbsTransform,71.48273063,
torch.distributions.transforms.AffineTransform,53.21404576,
torch.distributions.transforms.CorrCholeskyTransform,57.18211746,
torch.distributions.transforms.ExpTransform,67.07286024,
torch.distributions.transforms.PowerTransform,70.91350222,
torch.distributions.transforms.SigmoidTransform,65.26795149,
torch.distributions.transforms.SoftmaxTransform,18.59296846,
torch.distributions.transforms.StickBreakingTransform,59.00441957,
torch.distributions.transforms.TanhTransform,75.44165301,
torch.div,67.33401728,
torch.divide,66.44209528,
torch.dot,65.35259867,
torch.dsplit,60.33487821,
torch.dstack,60.91426015,
torch.eig,62.40341759,
torch.einsum,60.31275296,
torch.empty,56.50737762,
torch.empty_like,56.75453138,
torch.empty_strided,62.55390525,
torch.eq,57.84481144,
torch.equal,59.33989382,
torch.erf,70.04919696,
torch.erfc,71.43323016,
torch.erfinv,59.29043722,
torch.exp,71.90056181,
torch.exp2,66.98329496,
torch.expm1,69.77803254,
torch.eye,55.37215781,
torch.fft.fft,49.89086652,
torch.fft.fft2,56.45503855,
torch.fft.fftn,64.83812141,
torch.fft.fftshift,59.89182544,
torch.fft.hfft,65.3633852,
torch.fft.ifft,64.35674548,
torch.fft.ifft2,81.98151875,
torch.fft.ifftn,55.34160471,
torch.fft.ifftshift,59.82128263,
torch.fft.ihfft,59.36817956,
torch.fft.irfft,58.43291831,
torch.fft.irfft2,67.87946391,
torch.fft.irfftn,64.96737576,
torch.fft.rfft,56.34920287,
torch.fft.rfft2,64.84820962,
torch.fft.rfftn,54.33282113,
torch.fix,60.82804179,
torch.flatten,60.06586313,
torch.flip,52.3150301,
torch.fliplr,52.7653811,
torch.flipud,61.89758277,
torch.float_power,17.58496261,
torch.floor,70.25059628,
torch.floor_divide,55.75074959,
torch.fmax,65.30747366,
torch.fmin,64.81631446,
torch.fmod,65.74282837,
torch.frac,82.46767402,
torch.full,53.42843914,
torch.full_like,61.63268805,
torch.gather,68.35532141,
torch.gcd,57.56142735,
torch.ge,52.76022625,
torch.ger,800.204576,
torch.get_rng_state,68.07280087,
torch.gradient,67.93361163,
torch.greater,54.33400083,
torch.greater_equal,59.38765955,
torch.gt,54.01264787,
torch.heaviside,57.92453003,
torch.histc,67.54256368,
torch.hsplit,85.33774805,
torch.hspmm,60.40843153,
torch.hstack,51.38115025,
torch.hypot,73.79067349,
torch.i0,71.80603004,
torch.igamma,68.40478373,
torch.igammac,65.8390801,
torch.imag,59.5487721,
torch.index_select,67.8625958,
torch.inner,71.05278325,
torch.inverse,71.04635954,
torch.is_complex,55.27789521,
torch.is_conj,60.42757344,
torch.is_floating_point,66.28322554,
torch.is_nonzero,55.71873093,
torch.is_storage,57.48873782,
torch.is_tensor,9.504308462,
torch.isclose,46.68696213,
torch.isfinite,50.92540598,
torch.isinf,60.83215141,
torch.isnan,52.28690124,
torch.isneginf,53.76091266,
torch.isposinf,62.33098936,
torch.isreal,53.36935973,
torch.jit.script_if_tracing,55.78535438,
torch.kron,138.8375916,
torch.kthvalue,56.28422308,
torch.lcm,49.76180625,
torch.ldexp,57.35182071,
torch.le,53.95791864,
torch.lerp,70.24577284,
torch.less,59.95227885,
torch.less_equal,55.39416385,
torch.lgamma,71.36365819,
torch.linalg.cholesky,62.5263114,
torch.linalg.cholesky_ex,58.78658247,
torch.linalg.cond,86.91057944,
torch.linalg.det,66.49289036,
torch.linalg.eig,74.91765475,
torch.linalg.eigh,69.53975892,
torch.linalg.eigvals,51.22118807,
torch.linalg.eigvalsh,82.37249756,
torch.linalg.inv,74.72644138,
torch.linalg.inv_ex,71.33106613,
torch.linalg.lstsq,92.37119794,
torch.linalg.matmul,72.38391566,
torch.linalg.matrix_norm,59.35037851,
torch.linalg.matrix_power,62.99086857,
torch.linalg.matrix_rank,71.89442492,
torch.linalg.norm,63.33277202,
torch.linalg.pinv,61.91314912,
torch.linalg.qr,71.94300699,
torch.linalg.slogdet,63.36586714,
torch.linalg.solve,66.56171894,
torch.linalg.svd,92.89204264,
torch.linalg.svdvals,72.84112215,
torch.linalg.vector_norm,56.80595684,
torch.linspace,55.34534764,
torch.lobpcg,800.1168382,
torch.log,20.67783499,
torch.log10,70.09756827,
torch.log1p,68.43621039,
torch.log2,76.88831186,
torch.logaddexp,60.38466167,
torch.logaddexp2,68.84619045,
torch.logcumsumexp,57.32165408,
torch.logdet,61.83277035,
torch.logical_and,48.70774913,
torch.logical_not,69.1836977,
torch.logical_or,51.00786161,
torch.logical_xor,56.74280286,
torch.logit,63.49337697,
torch.logspace,54.31537294,
torch.logsumexp,59.40839434,
torch.lstsq,52.34905744,
torch.lt,57.11022043,
torch.lu,81.53206158,
torch.lu_solve,3.355501175,
torch.masked_select,65.52267432,
torch.matmul,81.09970808,
torch.matrix_exp,69.60967588,
torch.matrix_power,53.2938168,
torch.matrix_rank,70.37574148,
torch.max,65.74842095,
torch.maximum,67.86697102,
torch.mean,65.75977778,
torch.median,63.7831316,
torch.meshgrid,53.35118651,
torch.min,69.45735407,
torch.minimum,70.45972204,
torch.mm,61.48411179,
torch.mode,68.94747448,
torch.moveaxis,75.36056542,
torch.movedim,62.5091908,
torch.msort,75.31187701,
torch.mul,69.26704574,
torch.multinomial,53.26641989,
torch.multiply,66.38899136,
torch.mv,62.55376434,
torch.mvlgamma,56.00646663,
torch.nan_to_num,68.80085278,
torch.nanmean,63.9263649,
torch.nanmedian,63.58464313,
torch.nanquantile,60.90077543,
torch.nansum,59.28739905,
torch.narrow,65.43489575,
torch.ne,46.79462504,
torch.neg,75.36412287,
torch.negative,69.79112434,
torch.nextafter,51.99868321,
torch.nn.AdaptiveAvgPool1d,88.85237551,
torch.nn.AdaptiveAvgPool2d,65.87844872,
torch.nn.AdaptiveAvgPool3d,87.27902102,
torch.nn.AdaptiveMaxPool1d,87.98340654,
torch.nn.AdaptiveMaxPool2d,65.37199306,
torch.nn.AdaptiveMaxPool3d,81.4402554,
torch.nn.AlphaDropout,21.21215248,
torch.nn.AvgPool1d,55.42487383,
torch.nn.AvgPool2d,71.3072288,
torch.nn.AvgPool3d,56.4455204,
torch.nn.BCELoss,54.55636311,
torch.nn.BCEWithLogitsLoss,61.79264331,
torch.nn.BatchNorm1d,51.76688194,
torch.nn.BatchNorm2d,55.92032933,
torch.nn.BatchNorm3d,55.86013484,
torch.nn.Bilinear,65.46357179,
torch.nn.CELU,67.78765178,
torch.nn.CTCLoss,1.735422373,
torch.nn.ChannelShuffle,52.24870872,
torch.nn.ConstantPad1d,70.32478738,
torch.nn.ConstantPad2d,74.91828918,
torch.nn.ConstantPad3d,74.30241442,
torch.nn.Conv1d,10.07238317,
torch.nn.Conv2d,56.29280376,
torch.nn.Conv3d,59.43073845,
torch.nn.ConvTranspose1d,55.98088598,
torch.nn.ConvTranspose2d,58.64453769,
torch.nn.ConvTranspose3d,57.74765468,
torch.nn.CosineSimilarity,79.43808651,
torch.nn.CrossEntropyLoss,55.30827355,
torch.nn.Dropout,14.09927773,
torch.nn.Dropout2d,68.85496831,
torch.nn.Dropout3d,52.40109253,
torch.nn.ELU,60.82031608,
torch.nn.Embedding,57.24825239,
torch.nn.EmbeddingBag,49.798944,
torch.nn.FeatureAlphaDropout,62.33617139,
torch.nn.Flatten,72.83478951,
torch.nn.Fold,60.58267236,
torch.nn.FractionalMaxPool2d,50.3333497,
torch.nn.GELU,71.80848241,
torch.nn.GLU,10.07298946,
torch.nn.GRU,59.32140112,
torch.nn.GRUCell,56.46022582,
torch.nn.GroupNorm,52.41352391,
torch.nn.Hardshrink,76.80452776,
torch.nn.Hardsigmoid,65.24538493,
torch.nn.Hardswish,66.73645377,
torch.nn.Hardtanh,10.02473426,
torch.nn.HingeEmbeddingLoss,87.43908167,
torch.nn.HuberLoss,71.99969578,
torch.nn.Identity,65.3426342,
torch.nn.InstanceNorm1d,65.7902317,
torch.nn.InstanceNorm2d,84.2563026,
torch.nn.InstanceNorm3d,57.74868512,
torch.nn.KLDivLoss,71.85950804,
torch.nn.L1Loss,60.25608611,
torch.nn.LPPool1d,106.3418615,
torch.nn.LPPool2d,62.74729013,
torch.nn.LSTM,59.90462828,
torch.nn.LSTMCell,13.08995771,
torch.nn.LayerNorm,55.38479066,
torch.nn.LeakyReLU,75.33777499,
torch.nn.Linear,57.52483225,
torch.nn.LocalResponseNorm,108.2203119,
torch.nn.LogSigmoid,54.27125382,
torch.nn.LogSoftmax,59.31779909,
torch.nn.MSELoss,74.43932557,
torch.nn.MarginRankingLoss,69.1386416,
torch.nn.MaxPool1d,64.5861671,
torch.nn.MaxPool2d,82.45358157,
torch.nn.MaxPool3d,52.93143392,
torch.nn.MaxUnpool1d,51.30553389,
torch.nn.MaxUnpool2d,10.0393126,
torch.nn.MaxUnpool3d,75.59423256,
torch.nn.Mish,66.5615375,
torch.nn.MultiLabelMarginLoss,50.49938416,
torch.nn.MultiLabelSoftMarginLoss,56.39101696,
torch.nn.MultiMarginLoss,54.9218843,
torch.nn.MultiheadAttention,59.40193939,
torch.nn.NLLLoss,10.05042887,
torch.nn.PReLU,56.28536558,
torch.nn.PairwiseDistance,63.28391862,
torch.nn.PixelShuffle,89.80242324,
torch.nn.PoissonNLLLoss,65.66630292,
torch.nn.RNN,62.82618213,
torch.nn.RNNBase,52.3761723,
torch.nn.RNNCell,65.33040881,
torch.nn.RReLU,60.06650758,
torch.nn.ReLU,18.10970306,
torch.nn.ReLU6,71.37503481,
torch.nn.ReflectionPad1d,70.3196342,
torch.nn.ReflectionPad2d,69.01966739,
torch.nn.ReflectionPad3d,88.83712769,
torch.nn.ReplicationPad1d,72.24970222,
torch.nn.ReplicationPad2d,82.83032894,
torch.nn.ReplicationPad3d,471.8795204,
torch.nn.SELU,91.34269619,
torch.nn.SiLU,83.50789976,
torch.nn.Sigmoid,84.37368417,
torch.nn.SmoothL1Loss,106.6335845,
torch.nn.SoftMarginLoss,73.8524158,
torch.nn.Softmax,72.99983692,
torch.nn.Softmax2d,75.22898197,
torch.nn.Softmin,80.68945408,
torch.nn.Softplus,82.40995502,
torch.nn.Softshrink,79.84566379,
torch.nn.Softsign,25.08192348,
torch.nn.Tanh,115.7885053,
torch.nn.Tanhshrink,88.77176499,
torch.nn.Threshold,75.28307343,
torch.nn.Transformer,132.8924427,
torch.nn.TransformerDecoderLayer,104.993413,
torch.nn.TransformerEncoderLayer,82.85928845,
torch.nn.TripletMarginLoss,72.85591698,
torch.nn.TripletMarginWithDistanceLoss,75.82404923,
torch.nn.Upsample,94.96725321,
torch.nn.UpsamplingBilinear2d,19.02887869,
torch.nn.UpsamplingNearest2d,92.06571102,
torch.nn.ZeroPad2d,88.41891694,
torch.nn.functional.adaptive_avg_pool1d,87.26544023,
torch.nn.functional.adaptive_avg_pool2d,102.4177907,
torch.nn.functional.adaptive_avg_pool3d,94.83902979,
torch.nn.functional.adaptive_max_pool1d,93.44011378,
torch.nn.functional.adaptive_max_pool2d,66.76272225,
torch.nn.functional.adaptive_max_pool3d,84.4404943,
torch.nn.functional.alpha_dropout,61.84378099,
torch.nn.functional.avg_pool1d,80.75745606,
torch.nn.functional.avg_pool2d,72.86674356,
torch.nn.functional.avg_pool3d,82.91452074,
torch.nn.functional.batch_norm,71.44152236,
torch.nn.functional.bilinear,71.13501549,
torch.nn.functional.binary_cross_entropy,56.53556204,
torch.nn.functional.binary_cross_entropy_with_logits,71.39381862,
torch.nn.functional.celu,65.0011251,
torch.nn.functional.conv1d,75.14647412,
torch.nn.functional.conv2d,102.3252897,
torch.nn.functional.conv3d,62.95193434,
torch.nn.functional.conv_transpose1d,70.6355803,
torch.nn.functional.conv_transpose2d,100.8873403,
torch.nn.functional.conv_transpose3d,77.53878546,
torch.nn.functional.cosine_similarity,77.48311281,
torch.nn.functional.cross_entropy,78.90734887,
torch.nn.functional.ctc_loss,72.03755307,
torch.nn.functional.dropout,86.36762714,
torch.nn.functional.dropout2d,73.42497325,
torch.nn.functional.dropout3d,79.97509146,
torch.nn.functional.elu,82.38824987,
torch.nn.functional.elu_,92.88730407,
torch.nn.functional.embedding,60.42649221,
torch.nn.functional.embedding_bag,1.705922365,
torch.nn.functional.feature_alpha_dropout,69.49889612,
torch.nn.functional.fold,75.86803722,
torch.nn.functional.gelu,120.620126,
torch.nn.functional.gumbel_softmax,62.66778874,
torch.nn.functional.hardshrink,85.81228924,
torch.nn.functional.hardsigmoid,77.48802447,
torch.nn.functional.hardswish,71.37031627,
torch.nn.functional.hardtanh,81.38690042,
torch.nn.functional.hardtanh_,67.76454496,
torch.nn.functional.hinge_embedding_loss,90.83366799,
torch.nn.functional.huber_loss,67.3963511,
torch.nn.functional.instance_norm,82.49984574,
torch.nn.functional.interpolate,396.7683942,
torch.nn.functional.kl_div,83.81930923,
torch.nn.functional.l1_loss,70.96166897,
torch.nn.functional.layer_norm,117.6192186,
torch.nn.functional.leaky_relu,72.89831567,
torch.nn.functional.leaky_relu_,69.90157247,
torch.nn.functional.linear,168.8994622,
torch.nn.functional.local_response_norm,111.8485193,
torch.nn.functional.log_softmax,84.14645171,
torch.nn.functional.logsigmoid,69.88065648,
torch.nn.functional.lp_pool1d,90.32957196,
torch.nn.functional.lp_pool2d,62.02303481,
torch.nn.functional.margin_ranking_loss,81.47796679,
torch.nn.functional.max_pool1d,91.03573036,
torch.nn.functional.max_pool2d,91.27572131,
torch.nn.functional.max_pool3d,81.24231005,
torch.nn.functional.max_unpool1d,81.4311049,
torch.nn.functional.max_unpool2d,90.91123152,
torch.nn.functional.max_unpool3d,86.33498955,
torch.nn.functional.mish,22.58820057,
torch.nn.functional.mse_loss,72.91619325,
torch.nn.functional.multilabel_margin_loss,73.93424582,
torch.nn.functional.multilabel_soft_margin_loss,74.81594992,
torch.nn.functional.nll_loss,86.39817548,
torch.nn.functional.normalize,73.30047584,
torch.nn.functional.pad,171.3823063,
torch.nn.functional.pairwise_distance,74.86568236,
torch.nn.functional.pixel_shuffle,70.84967256,
torch.nn.functional.pixel_unshuffle,73.41193056,
torch.nn.functional.poisson_nll_loss,93.56675768,
torch.nn.functional.prelu,80.51604986,
torch.nn.functional.relu,79.8872807,
torch.nn.functional.relu6,75.37127924,
torch.nn.functional.relu_,67.79890108,
torch.nn.functional.rrelu,68.25390458,
torch.nn.functional.rrelu_,68.78050256,
torch.nn.functional.selu,82.34731483,
torch.nn.functional.sigmoid,76.32211685,
torch.nn.functional.silu,73.51292133,
torch.nn.functional.smooth_l1_loss,91.02151322,
torch.nn.functional.soft_margin_loss,73.87218571,
torch.nn.functional.softmax,83.53875399,
torch.nn.functional.softmin,68.8727839,
torch.nn.functional.softplus,91.79663444,
torch.nn.functional.softshrink,77.27965069,
torch.nn.functional.softsign,90.46866083,
torch.nn.functional.tanh,85.28695011,
torch.nn.functional.tanhshrink,84.95504189,
torch.nn.functional.threshold,65.32244158,
torch.nn.functional.threshold_,75.09983444,
torch.nn.functional.triplet_margin_loss,74.86190367,
torch.nn.functional.triplet_margin_with_distance_loss,83.80511045,
torch.nn.functional.upsample,88.35902381,
torch.nn.functional.upsample_bilinear,100.9895496,
torch.nn.functional.upsample_nearest,97.40935063,
torch.nn.init.constant_,90.28809118,
torch.nn.init.eye_,75.52047133,
torch.nn.init.kaiming_normal_,75.8703723,
torch.nn.init.kaiming_uniform_,85.66389441,
torch.nn.init.normal_,66.91436195,
torch.nn.init.ones_,72.59462547,
torch.nn.init.orthogonal_,76.80433536,
torch.nn.init.sparse_,88.86765146,
torch.nn.init.uniform_,83.30052686,
torch.nn.init.xavier_normal_,86.31034303,
torch.nn.init.xavier_uniform_,70.47073483,
torch.nn.init.zeros_,97.7634151,
torch.nn.utils.clip_grad_norm_,74.90208268,
torch.nn.utils.clip_grad_value_,10.07536769,
torch.nn.utils.parameters_to_vector,86.89494014,
torch.nn.utils.rnn.pack_sequence,90.96792102,
torch.nn.utils.rnn.pad_sequence,82.42910147,
torch.nonzero,73.4563992,
torch.norm,78.56138897,
torch.normal,66.2697227,
torch.not_equal,74.4160974,
torch.numel,65.2771771,
torch.ones,73.02411914,
torch.ones_like,25.58157372,
torch.outer,72.81244588,
torch.overrides.is_tensor_like,65.28563118,
torch.overrides.wrap_torch_function,82.64254618,
torch.pca_lowrank,79.95274758,
torch.pinverse,28.81404352,
torch.poisson,74.48975325,
torch.polar,70.33556724,
torch.polygamma,73.30838895,
torch.positive,99.88146639,
torch.pow,71.84086275,
torch.prod,70.86950898,
torch.promote_types,66.78220201,
torch.qr,97.66029406,
torch.quantile,81.41643357,
torch.rad2deg,94.38775349,
torch.rand,75.86881566,
torch.rand_like,79.74478173,
torch.randint,62.75465965,
torch.randn,60.32499695,
torch.randn_like,79.02430725,
torch.randperm,10.062289,
torch.range,66.07819557,
torch.ravel,101.3480105,
torch.real,86.8681376,
torch.reciprocal,81.93938327,
torch.remainder,92.80657125,
torch.renorm,88.36168432,
torch.repeat_interleave,73.13747835,
torch.reshape,79.81431293,
torch.resolve_conj,100.8229499,
torch.resolve_neg,96.03351974,
torch.result_type,74.03044176,
torch.roll,79.01383305,
torch.rot90,77.81208611,
torch.round,69.29066873,
torch.rsqrt,67.3376627,
torch.save,48.98049903,
torch.scatter,10.07995796,
torch.scatter_add,60.03927064,
torch.searchsorted,58.44383621,
torch.set_default_dtype,57.53998208,
torch.set_flush_denormal,51.48872018,
torch.set_num_interop_threads,53.91069484,
torch.set_num_threads,63.56501079,
torch.set_warn_always,57.15480304,
torch.sgn,79.55511665,
torch.sigmoid,74.29330945,
torch.sign,76.45830202,
torch.signbit,49.37277627,
torch.sin,65.27569699,
torch.sinc,92.3363142,
torch.sinh,64.80363965,
torch.slogdet,64.28786778,
torch.smm,52.84546018,
torch.solve,66.90459728,
torch.sort,61.28859639,
torch.sparse.addmm,53.79399681,
torch.sparse.log_softmax,49.00748849,
torch.sparse.mm,58.72380543,
torch.sparse.softmax,49.37615561,
torch.sparse.sum,50.74911189,
torch.sparse_coo_tensor,13.00887299,
torch.special.digamma,74.23344064,
torch.special.entr,65.34422541,
torch.special.erf,85.23178244,
torch.special.erfc,75.79714417,
torch.special.erfcx,97.84421229,
torch.special.erfinv,69.37655115,
torch.special.exp2,79.37074494,
torch.special.expit,80.92649388,
torch.special.expm1,72.89605522,
torch.special.gammaln,83.3131268,
torch.special.i0,71.68979669,
torch.special.i0e,90.8708818,
torch.special.i1,77.94773269,
torch.special.i1e,77.39916134,
torch.special.log1p,70.81723404,
torch.special.log_softmax,76.28452086,
torch.special.logit,65.27663374,
torch.special.logsumexp,70.94321895,
torch.special.multigammaln,58.74858403,
torch.special.polygamma,65.96813107,
torch.special.psi,83.80479813,
torch.special.round,69.79578185,
torch.special.sinc,87.77870107,
torch.special.xlog1py,76.44119143,
torch.special.xlogy,76.97085524,
torch.split,71.32938743,
torch.sqrt,71.95297289,
torch.square,73.91629529,
torch.squeeze,77.32552171,
torch.sspaddmm,58.77593923,
torch.stack,56.74306297,
torch.std,86.91642261,
torch.std_mean,61.32707667,
torch.sub,73.45868349,
torch.subtract,95.32649994,
torch.sum,87.75952911,
torch.svd,86.39928222,
torch.svd_lowrank,86.73884463,
torch.swapaxes,106.3074934,
torch.swapdims,141.9041805,
torch.symeig,93.34680748,
torch.t,84.06434727,
torch.take,64.88415289,
torch.tan,116.2735417,
torch.tanh,109.9688222,
torch.tensor,61.85216737,
torch.tensor_split,65.01684046,
torch.tensordot,66.38163137,
torch.testing.make_tensor,56.22114849,
torch.tile,141.9461143,
torch.topk,85.35278964,
torch.trace,87.93432188,
torch.transpose,22.13545227,
torch.trapz,59.07835031,
torch.triangular_solve,109.0618424,
torch.tril,95.52842832,
torch.tril_indices,101.3081644,
torch.triu,95.88436961,
torch.triu_indices,80.55933881,
torch.true_divide,110.4474018,
torch.trunc,108.3445678,
torch.unbind,105.3616929,
torch.unique,68.42838502,
torch.unique_consecutive,88.09611392,
torch.unsqueeze,84.86434412,
torch.use_deterministic_algorithms,79.54260659,
torch.utils.dlpack.from_dlpack,71.42265463,
torch.utils.dlpack.to_dlpack,93.02816272,
torch.vander,68.8717649,
torch.var,78.55773497,
torch.var_mean,71.91258931,
torch.vdot,73.46043181,
torch.view_as_complex,75.37970233,
torch.view_as_real,60.44102883,
torch.vsplit,77.11748695,
torch.vstack,67.22928739,
torch.where,82.32141709,
torch.xlogy,65.57746696,
torch.zeros,62.02445793,
torch.zeros_like,83.30867028,
,,
,22.87630873,h
